zip_code,city,date,max_temp_f,min_temp_f,condition
90045,Los Angeles,2026-10-07,85.3,77.0,Sunny
90045,Los Angeles,2026-10-08,83.7,75.1,Sunny
90045,Los Angeles,2026-10-09,80.1,72.5,Sunny
10001,New York,2026-10-07,69.1,53.2,Sunny
10001,New York,2026-10-08,76.0,57.8,Sunny
10001,New York,2026-10-09,70.7,57.5,Overcast
60601,Chicago,2026-10-07,73.1,61.1,Sunny
60601,Chicago,2026-10-08,68.1,60.1,Sunny
60601,Chicago,2026-10-09,71.5,59.3,Sunny
98101,Seattle,2026-10-07,70.9,50.4,Sunny
98101,Seattle,2026-10-08,73.8,52.3,Overcast
98101,Seattle,2026-10-09,59.7,50.0,Patchy rain nearby
33101,Miami,2026-10-07,88.6,82.2,Patchy rain nearby
33101,Miami,2026-10-08,87.3,82.0,Overcast
33101,Miami,2026-10-09,87.3,83.3,Patchy rain nearby
77001,Houston,2026-10-07,91.0,75.0,Sunny
77001,Houston,2026-10-08,91.5,76.8,Sunny
77001,Houston,2026-10-09,89.7,73.5,Sunny
85001,Phoenix,2026-10-07,98.4,85.8,Sunny
85001,Phoenix,2026-10-08,99.3,87.2,Sunny
85001,Phoenix,2026-10-09,99.3,89.0,Sunny
19101,Philadelphia,2026-10-07,69.0,50.0,Sunny
19101,Philadelphia,2026-10-08,74.8,54.7,Sunny
19101,Philadelphia,2026-10-09,69.0,54.5,Overcast
78201,San Antonio,2026-10-07,89.3,69.0,Sunny
78201,San Antonio,2026-10-08,89.7,69.4,Sunny
78201,San Antonio,2026-10-09,90.3,71.2,Sunny
92101,San Diego,2026-10-07,80.5,75.1,Sunny
92101,San Diego,2026-10-08,80.3,75.2,Sunny
92101,San Diego,2026-10-09,78.0,72.7,Sunny
75201,Dallas,2026-10-07,86.2,70.0,Sunny
75201,Dallas,2026-10-08,88.1,71.2,Sunny
75201,Dallas,2026-10-09,88.7,72.2,Overcast
95101,San Jose,2026-10-07,96.8,67.9,Sunny
95101,San Jose,2026-10-08,95.1,66.5,Sunny
95101,San Jose,2026-10-09,92.0,55.8,Sunny
78701,Austin,2026-10-07,89.1,70.0,Sunny
78701,Austin,2026-10-08,89.9,71.3,Sunny
78701,Austin,2026-10-09,90.7,73.0,Sunny
32099,Jacksonville,2026-10-07,79.3,72.8,Light rain shower
32099,Jacksonville,2026-10-08,85.6,74.0,Overcast
32099,Jacksonville,2026-10-09,77.4,68.2,Light rain shower
76101,Fort Worth,2026-10-07,88.2,72.5,Sunny
76101,Fort Worth,2026-10-08,89.0,73.0,Sunny
76101,Fort Worth,2026-10-09,89.6,75.4,Overcast
43201,Columbus,2026-10-07,76.1,49.8,Sunny
43201,Columbus,2026-10-08,73.2,56.3,Sunny
43201,Columbus,2026-10-09,74.7,53.6,Sunny
28201,Charlotte,2026-10-07,80.0,55.8,Sunny
28201,Charlotte,2026-10-08,81.8,61.5,Overcast
28201,Charlotte,2026-10-09,75.5,64.1,Overcast
46201,Indianapolis,2026-10-07,81.4,54.0,Sunny
46201,Indianapolis,2026-10-08,76.3,58.2,Sunny
46201,Indianapolis,2026-10-09,82.1,56.8,Sunny
94102,San Francisco,2026-10-07,70.6,62.9,Sunny
94102,San Francisco,2026-10-08,67.8,61.4,Sunny
94102,San Francisco,2026-10-09,65.5,59.5,Sunny
98901,Yakima,2026-10-07,80.7,57.4,Sunny
98901,Yakima,2026-10-08,82.6,59.2,Overcast
98901,Yakima,2026-10-09,70.1,48.5,Overcast
